<?xml version="1.0" ?>
<!--
 Licensed to the Apache Software Foundation (ASF) under one or more
 contributor license agreements.  See the NOTICE file distributed with
 this work for additional information regarding copyright ownership.
 The ASF licenses this file to You under the Apache License, Version 2.0
 (the "License"); you may not use this file except in compliance with
 the License.  You may obtain a copy of the License at

     http://www.apache.org/licenses/LICENSE-2.0

 Unless required by applicable law or agreed to in writing, software
 distributed under the License is distributed on an "AS IS" BASIS,
 WITHOUT WARRANTIES OR CONDITIONS OF ANY KIND, either express or implied.
 See the License for the specific language governing permissions and
 limitations under the License.
-->

<schema name="Wikinews" version="1.1">
  <types>
   <fieldtype name="string"  class="solr.StrField" sortMissingLast="true" omitNorms="false"/>
   <fieldtype name="text"    class="solr.TextField" sortMissingLast="true" omitNorms="false">
	<analyzer type="index">
        	<tokenizer class="solr.StandardTokenizerFactory"/>
		<filter class="solr.SynonymFilterFactory" synonyms="synonymns.txt"/>
        	<filter class="solr.StopFilterFactory" ignoreCase="true" words="stopwords.txt" />
		<filter class="solr.LowerCaseFilterFactory"/>
		<filter class="solr.PorterStemFilterFactory" />
		<filter class="solr.ShingleFilterFactory"/>
	</analyzer>
	<analyzer type="query">
		<tokenizer class="solr.WhitespaceTokenizerFactory"/>
		<filter class="solr.SynonymFilterFactory" synonyms="querysynonyms.txt"/>
		<filter class="solr.PatternReplaceCharFilterFactory" pattern="-" replacement=""/>
		<filter class="solr.StopFilterFactory" ignoreCase="true" words="stopwords.txt" />
		<filter class="solr.LowerCaseFilterFactory" />
		<filter class="solr.PatternReplaceFilterFactory" pattern="^(\p{Punct}*)(.*?)(\p{Punct}*)$" replacement="$2"/>
		<filter class="solr.PorterStemFilterFactory" />
	</analyzer>
   </fieldtype>
   <fieldType name="spell" class="solr.TextField" positionIncrementGap="100">
   <analyzer type="index">
   		<tokenizer class="solr.StandardTokenizerFactory"/>
    		<filter class="solr.StopFilterFactory" ignoreCase="true" words="stopwords.txt"/>
    		<filter class="solr.StandardFilterFactory"/>
        	<filter class="solr.LowerCaseFilterFactory" />
    		<filter class="solr.RemoveDuplicatesTokenFilterFactory"/>
   </analyzer>
   <analyzer type="query">
   		<tokenizer class="solr.StandardTokenizerFactory"/>
   		<filter class="solr.SynonymFilterFactory" synonyms="synonymns.txt" ignoreCase="true" expand="true"/>
    		<filter class="solr.StopFilterFactory" ignoreCase="true" words="stopwords.txt"/>
    		<filter class="solr.StandardFilterFactory"/>
        	<filter class="solr.LowerCaseFilterFactory" />
    		<filter class="solr.RemoveDuplicatesTokenFilterFactory"/>
  </analyzer>
  </fieldType>
   <fieldType name="long" class="solr.TrieLongField" precisionStep="0" positionIncrementGap="0"/>
  </types>

 <fields>  
  <!-- general -->
  <field name="id"        type="long"     indexed="true"  stored="true"  multiValued="false" required="true"/>
  <field name="url"       type="string"   indexed="false" stored="true"  multiValued="false" />
  <field name="title"      type="string"   indexed="true"  stored="true"  multiValued="false" omitNorms="false"/>
  <field name="text"      type="text"     indexed="true"  stored="true"  multiValued="false" omitNorms="false"/>
  <field name="iLink"      type="string"      indexed="false" stored="true"  multiValued="false" />
  <field name="eLink"      type="string"   indexed="false" stored="true"  multiValued="false"/>
  <field name="_version_" type="long"      indexed="true"  stored="true"/>
 </fields>
 <!-- field to use to determine and enforce document uniqueness. -->
 <uniqueKey>id</uniqueKey>

 <!--<copyField source="title" dest="suggestion"/>-->
 <!-- field for the QueryParser to use when an explicit fieldname is absent -->
 <defaultSearchField>text</defaultSearchField>

 <!-- SolrQueryParser configuration: defaultOperator="AND|OR" -->
 <solrQueryParser defaultOperator="AND"/>
</schema>

