<?xml version="1.0" encoding="UTF-8" ?>
<!--
 Licensed to the Apache Software Foundation (ASF) under one or more
 contributor license agreements.  See the NOTICE file distributed with
 this work for additional information regarding copyright ownership.
 The ASF licenses this file to You under the Apache License, Version 2.0
 (the "License"); you may not use this file except in compliance with
 the License.  You may obtain a copy of the License at

     http://www.apache.org/licenses/LICENSE-2.0

 Unless required by applicable law or agreed to in writing, software
 distributed under the License is distributed on an "AS IS" BASIS,
 WITHOUT WARRANTIES OR CONDITIONS OF ANY KIND, either express or implied.
 See the License for the specific language governing permissions and
 limitations under the License.
-->

<!--
 This is a stripped down config file used for a simple example...  
 It is *not* a good example to work from. 
-->
<config>
  <luceneMatchVersion>4.5</luceneMatchVersion>
  <!--  The DirectoryFactory to use for indexes.
        solr.StandardDirectoryFactory, the default, is filesystem based.
        solr.RAMDirectoryFactory is memory based, not persistent, and doesn't work with replication. -->
  <directoryFactory name="DirectoryFactory" class="${solr.directoryFactory:solr.StandardDirectoryFactory}"/>

  <dataDir>${solr.Wikivoyage.data.dir:}</dataDir>

  <lib dir="../dist/solrj-lib/" regex=".*\.jar" />
  <!-- To enable dynamic schema REST APIs, use the following for <schemaFactory>:
  
       <schemaFactory class="ManagedIndexSchemaFactory">
         <bool name="mutable">true</bool>
         <str name="managedSchemaResourceName">managed-schema</str>
       </schemaFactory>
       
       When ManagedIndexSchemaFactory is specified, Solr will load the schema from
       he resource named in 'managedSchemaResourceName', rather than from schema.xml.
       Note that the managed schema resource CANNOT be named schema.xml.  If the managed
       schema does not exist, Solr will create it after reading schema.xml, then rename
       'schema.xml' to 'schema.xml.bak'. 
       
       Do NOT hand edit the managed schema - external modifications will be ignored and
       overwritten as a result of schema modification REST API calls.

       When ManagedIndexSchemaFactory is specified with mutable = true, schema
       modification REST API calls will be allowed; otherwise, error responses will be
       sent back for these requests. 
  -->
  <query>
 <queryResultCache class="solr.LRUCache"
                     size="512"
                     initialSize="512"
                     autowarmCount="0"/>

    <documentCache class="solr.LRUCache"
                   size="512"
                   initialSize="512"
                   autowarmCount="0"/>

    <cache name="perSegFilter"
      class="solr.search.LRUCache"
      size="10"
      initialSize="0"
      autowarmCount="10"
      regenerator="solr.NoOpRegenerator" />

</query>

  <schemaFactory class="ClassicIndexSchemaFactory"/>

  <updateHandler class="solr.DirectUpdateHandler2">
    <updateLog>
      <str name="dir">${solr.core0.data.dir:}</str>
    </updateLog>
  </updateHandler>

  <!-- realtime get handler, guaranteed to return the latest stored fields 
    of any document, without the need to commit or open a new searcher. The current 
    implementation relies on the updateLog feature being enabled. -->
  <requestHandler name="/get" class="solr.RealTimeGetHandler">
    <lst name="defaults">
      <str name="omitHeader">true</str>
    </lst>
  </requestHandler>  
  
  <requestHandler name="/replication" class="solr.ReplicationHandler" startup="lazy" /> 

  <requestDispatcher handleSelect="true" >
    <requestParsers enableRemoteStreaming="false" multipartUploadLimitInKB="2048" formdataUploadLimitInKB="2048" />
  </requestDispatcher>
  
  <requestHandler name="standard" class="solr.StandardRequestHandler" default="true"/>
  <requestHandler name="/analysis/field" startup="lazy" class="solr.FieldAnalysisRequestHandler" />
  <requestHandler name="/update" class="solr.UpdateRequestHandler"  />
  <requestHandler name="/admin/" class="org.apache.solr.handler.admin.AdminHandlers" />
     
  <requestHandler name="/admin/ping" class="solr.PingRequestHandler">
    <lst name="invariants">
      <str name="q">solrpingquery</str>
    </lst>
    <lst name="defaults">
      <str name="echoParams">all</str>
    </lst>
  </requestHandler>

<!--    Spellcheck Config           -->
    <searchComponent name="spellcheck" class="solr.SpellCheckComponent">
    <!-- A spellchecker that reads the list of words from a file -->
       <lst name="spellchecker">
         <str name="classname">solr.FileBasedSpellChecker</str>
         <str name="name">file</str>
         <str name="sourceLocation">places.txt</str>
         <str name="characterEncoding">UTF-8</str>
         <str name="spellcheckIndexDir">spellcheckerFile</str>
       </lst>
      
  </searchComponent>
  <requestHandler name="/spell" class="solr.SearchHandler" startup="lazy">
      <lst name="defaults">
      <str name="df">text</str>
      <!-- Solr will use suggestions from both the 'default' spellchecker
           and from the 'wordbreak' spellchecker and combine them.
           collations (re-written queries) can include a combination of
           corrections from both spellcheckers -->
      <str name="spellcheck.dictionary">file</str>
      <str name="spellcheck">on</str>
      <str name="spellcheck.extendedResults">true</str>       
      <str name="spellcheck.count">10</str>
      <str name="spellcheck.alternativeTermCount">5</str>
      <str name="spellcheck.maxResultsForSuggest">5</str>       
      <str name="spellcheck.collate">true</str>
      <str name="spellcheck.collateExtendedResults">true</str>  
      <str name="spellcheck.maxCollationTries">10</str>
      <str name="spellcheck.maxCollations">5</str>         
    </lst>
    <arr name="last-components">
      <str>spellcheck</str>
    </arr>
  </requestHandler>
<!--    End of Spell Check Config       -->

<!--	Auto-Suggestion Config	        -->  
    <searchComponent class="solr.SpellCheckComponent" name="suggest">
    <lst name="spellchecker">
      <str name="name">suggest</str>
      <str name="classname">org.apache.solr.spelling.suggest.Suggester</str>
      <str name="lookupImpl">org.apache.solr.spelling.suggest.tst.TSTLookup</str>
      <!-- Alternatives to lookupImpl: 
           org.apache.solr.spelling.suggest.fst.FSTLookup   [finite state automaton]
           org.apache.solr.spelling.suggest.fst.WFSTLookupFactory [weighted finite state automaton]
           org.apache.solr.spelling.suggest.jaspell.JaspellLookup [default, jaspell-based]
           org.apache.solr.spelling.suggest.tst.TSTLookup   [ternary trees]
      -->
     <str name="field">suggest</str>  <!-- the indexed field to derive suggestions from -->
     <float name="threshold">0.005</float>
      <str name="buildOnCommit">true</str>
<!--
      <str name="sourceLocation">places.txt</str>
-->
    </lst>
  </searchComponent>
  <requestHandler class="org.apache.solr.handler.component.SearchHandler" name="/suggest">
    <lst name="defaults">
      <str name="spellcheck">true</str>
      <str name="spellcheck.dictionary">suggestion</str>
      <str name="spellcheck.onlyMorePopular">true</str>
      <str name="spellcheck.count">5</str>
      <str name="spellcheck.collate">true</str>
    </lst>
    <arr name="components">
      <str>suggest</str>
    </arr>
  </requestHandler>
<!--       End of Auto-Suggestion cofig        -->

  <!-- config for the admin interface --> 
  <admin>
    <defaultQuery>solr</defaultQuery>
  </admin>

</config>

